iteration,best_so_far,best_x1,best_x2,population_mean_fitness,evaluations
0,0.32088968305969046,1.2427855357751034,1.4933353382397563,445.667934101274,30
1,0.32088968305969046,1.2427855357751034,1.4933353382397563,149.6249093040297,60
2,0.32088968305969046,1.2427855357751034,1.4933353382397563,101.46310397743665,90
3,0.020931104288832488,0.9386473955285946,0.8679566576762636,59.25942640335584,120
4,0.020931104288832488,0.9386473955285946,0.8679566576762636,35.83995353807951,150
5,0.012739799825996054,1.0411919271228633,1.0735720492941154,12.174364029560193,180
6,0.012739799825996054,1.0411919271228633,1.0735720492941154,11.961247929404442,210
7,0.012739799825996054,1.0411919271228633,1.0735720492941154,19.54583003192911,240
8,0.012739799825996054,1.0411919271228633,1.0735720492941154,12.494919899038063,270
9,0.012739799825996054,1.0411919271228633,1.0735720492941154,9.994766262111993,300
10,0.0010156078430808705,1.0318449583568903,1.064826756439495,14.274668330976443,330
11,0.0010156078430808705,1.0318449583568903,1.064826756439495,15.423280207843558,360
12,0.0010156078430808705,1.0318449583568903,1.064826756439495,5.547426685895334,390
13,0.0010156078430808705,1.0318449583568903,1.064826756439495,5.889000342687008,420
14,0.0010156078430808705,1.0318449583568903,1.064826756439495,18.248510849638887,450
15,0.0010156078430808705,1.0318449583568903,1.064826756439495,14.926342143290725,480
16,0.0010156078430808705,1.0318449583568903,1.064826756439495,13.781423539594764,510
17,0.0010156078430808705,1.0318449583568903,1.064826756439495,4.148034976889384,540
18,0.0010156078430808705,1.0318449583568903,1.064826756439495,9.888223097293386,570
19,0.0010156078430808705,1.0318449583568903,1.064826756439495,13.055924569850001,600
20,0.0010156078430808705,1.0318449583568903,1.064826756439495,15.348949685284047,630
21,0.0010156078430808705,1.0318449583568903,1.064826756439495,12.899884346422018,660
22,0.0010156078430808705,1.0318449583568903,1.064826756439495,37.92629149954148,690
23,0.0010156078430808705,1.0318449583568903,1.064826756439495,28.323729339358643,720
24,0.0010156078430808705,1.0318449583568903,1.064826756439495,6.88738708030486,750
25,0.0010156078430808705,1.0318449583568903,1.064826756439495,2.4714153216613455,780
26,0.0010156078430808705,1.0318449583568903,1.064826756439495,2.6809677315275624,810
27,0.0005060902496976958,1.022366878926368,1.0449929339686383,10.765680890180686,840
28,0.0005060902496976958,1.022366878926368,1.0449929339686383,1.9444014245513241,870
29,0.0005060902496976958,1.022366878926368,1.0449929339686383,4.261070698627296,900
30,0.0005060902496976958,1.022366878926368,1.0449929339686383,1.3740820816153425,930
31,0.0005060902496976958,1.022366878926368,1.0449929339686383,2.1782876591134452,960
32,0.0005060902496976958,1.022366878926368,1.0449929339686383,0.4395002999100092,990
33,0.0005060902496976958,1.022366878926368,1.0449929339686383,55.04097410467507,1020
34,0.0005060902496976958,1.022366878926368,1.0449929339686383,13.125953045001184,1050
35,0.0005060902496976958,1.022366878926368,1.0449929339686383,2.378065719367855,1080
36,0.0005060902496976958,1.022366878926368,1.0449929339686383,25.99048747691133,1110
37,0.0005060902496976958,1.022366878926368,1.0449929339686383,1.1558503995302165,1140
38,0.0005060902496976958,1.022366878926368,1.0449929339686383,5.021598230170694,1170
39,0.0005060902496976958,1.022366878926368,1.0449929339686383,2.5965357945862575,1200
40,0.0005060902496976958,1.022366878926368,1.0449929339686383,5.523886819710065,1230
41,0.0005060902496976958,1.022366878926368,1.0449929339686383,1.848617425912001,1260
42,0.0005060902496976958,1.022366878926368,1.0449929339686383,2.3537954613735357,1290
43,0.0005060902496976958,1.022366878926368,1.0449929339686383,2.148479021549465,1320
44,0.0005060902496976958,1.022366878926368,1.0449929339686383,2.5326287313390656,1350
45,0.0005060902496976958,1.022366878926368,1.0449929339686383,1.1555574978583993,1380
46,0.0005060902496976958,1.022366878926368,1.0449929339686383,10.083820997019853,1410
47,0.0005060902496976958,1.022366878926368,1.0449929339686383,16.114860042139288,1440
48,0.0005060902496976958,1.022366878926368,1.0449929339686383,19.07473485420115,1470
49,0.0005060902496976958,1.022366878926368,1.0449929339686383,19.05325804210237,1500
50,0.0005060902496976958,1.022366878926368,1.0449929339686383,2.8346903883407273,1530
51,0.0005060902496976958,1.022366878926368,1.0449929339686383,8.295715675948788,1560
52,0.0005060902496976958,1.022366878926368,1.0449929339686383,4.30532414902271,1590
53,0.0005060902496976958,1.022366878926368,1.0449929339686383,5.563627777183871,1620
54,0.0005060902496976958,1.022366878926368,1.0449929339686383,6.658119309209458,1650
55,0.0005060902496976958,1.022366878926368,1.0449929339686383,3.799303221517642,1680
56,0.0005060902496976958,1.022366878926368,1.0449929339686383,2.636828996912743,1710
57,0.0005060902496976958,1.022366878926368,1.0449929339686383,5.969942175985725,1740
58,0.0005060902496976958,1.022366878926368,1.0449929339686383,26.457822081916458,1770
59,0.0005060902496976958,1.022366878926368,1.0449929339686383,9.053223102220924,1800
60,0.0005060902496976958,1.022366878926368,1.0449929339686383,10.31963378324807,1830
61,0.0005060902496976958,1.022366878926368,1.0449929339686383,2.294412114271279,1860
62,0.0005060902496976958,1.022366878926368,1.0449929339686383,20.088416640215755,1890
63,0.0005060902496976958,1.022366878926368,1.0449929339686383,4.32788815233017,1920
64,0.0005060902496976958,1.022366878926368,1.0449929339686383,8.548234891271914,1950
65,0.0005060902496976958,1.022366878926368,1.0449929339686383,3.006027540332385,1980
66,0.0005060902496976958,1.022366878926368,1.0449929339686383,13.62788597103241,2010
67,0.0005060902496976958,1.022366878926368,1.0449929339686383,11.317407810167023,2040
68,0.0005060902496976958,1.022366878926368,1.0449929339686383,7.315730480199188,2070
69,0.0005060902496976958,1.022366878926368,1.0449929339686383,16.01570306096789,2100
70,0.0005060902496976958,1.022366878926368,1.0449929339686383,4.875827744345357,2130
71,0.0005060902496976958,1.022366878926368,1.0449929339686383,2.260878359951254,2160
72,0.0005060902496976958,1.022366878926368,1.0449929339686383,17.011235713132848,2190
73,0.0005060902496976958,1.022366878926368,1.0449929339686383,7.297093457697099,2220
74,0.0005060902496976958,1.022366878926368,1.0449929339686383,5.305778369127349,2250
75,0.0005060902496976958,1.022366878926368,1.0449929339686383,2.94972432784199,2280
76,0.0005060902496976958,1.022366878926368,1.0449929339686383,1.7190596428690708,2310
77,0.0005060902496976958,1.022366878926368,1.0449929339686383,13.30240246079087,2340
78,0.0005060902496976958,1.022366878926368,1.0449929339686383,6.387306202319325,2370
79,0.0005060902496976958,1.022366878926368,1.0449929339686383,1.6536063036144542,2400
80,0.0005060902496976958,1.022366878926368,1.0449929339686383,1.2552944627521212,2430
81,0.0005060902496976958,1.022366878926368,1.0449929339686383,12.802714532673729,2460
82,0.0005060902496976958,1.022366878926368,1.0449929339686383,1.4938257356688283,2490
83,0.0005060902496976958,1.022366878926368,1.0449929339686383,5.578662507976618,2520
84,0.0005060902496976958,1.022366878926368,1.0449929339686383,9.220323920822903,2550
85,0.0005060902496976958,1.022366878926368,1.0449929339686383,6.877566561658751,2580
86,0.0005060902496976958,1.022366878926368,1.0449929339686383,6.083425288228512,2610
87,0.0005060902496976958,1.022366878926368,1.0449929339686383,1.6141664435625132,2640
88,0.0005060902496976958,1.022366878926368,1.0449929339686383,2.411937872808572,2670
89,0.0005060902496976958,1.022366878926368,1.0449929339686383,1.3348023737425418,2700
90,0.0005060902496976958,1.022366878926368,1.0449929339686383,1.1683325724228844,2730
91,0.0005060902496976958,1.022366878926368,1.0449929339686383,1.0821016033381272,2760
92,0.0005060902496976958,1.022366878926368,1.0449929339686383,3.918778170421413,2790
93,0.0005060902496976958,1.022366878926368,1.0449929339686383,0.8930817454700805,2820
94,0.0005060902496976958,1.022366878926368,1.0449929339686383,2.008160343860397,2850
95,0.0005060902496976958,1.022366878926368,1.0449929339686383,13.556675748491049,2880
96,0.0005060902496976958,1.022366878926368,1.0449929339686383,3.2944039079493312,2910
97,0.0005060902496976958,1.022366878926368,1.0449929339686383,2.945489462674073,2940
98,0.0005060902496976958,1.022366878926368,1.0449929339686383,14.044524636959732,2970
99,0.0005060902496976958,1.022366878926368,1.0449929339686383,1.3335200666905291,3000
100,0.0005060902496976958,1.022366878926368,1.0449929339686383,3.2116644697375873,3030
