benchmark,run,seed,best_fitness,best_position_norm
Sphere,1,2026,0.14171267688712286,0.37644744239684097
Sphere,2,2027,0.20672334216691549,0.4546683870326982
Sphere,3,2028,0.13007008879357349,0.3606523101181711
Rastrigin,1,12026,45.15830347495917,6.657142175643519
Rastrigin,2,12027,30.21153470629325,5.44215064484147
Rastrigin,3,12028,25.951879674684676,5.079577872213129
Ackley,1,22026,0.44496654279987924,0.19765571474844462
Ackley,2,22027,2.150298555053283,1.595791151107825
Ackley,3,22028,3.8429230761361954,2.9377645075819765
